<?xml version="1.0" encoding="UTF-8"?>
<project-private xmlns="http://www.netbeans.org/ns/project-private/1">
    <editor-bookmarks xmlns="http://www.netbeans.org/ns/editor-bookmarks/2" lastBookmarkId="0"/>
    <open-files xmlns="http://www.netbeans.org/ns/projectui-open-files/2">
        <group>
            <file>file:/F:/Software%20Engineering%20Course/4th%20semester/OOSE/attendancesystem/src/Pdashboard.java</file>
            <file>file:/F:/Software%20Engineering%20Course/4th%20semester/OOSE/attendancesystem/src/communicateteacher.java</file>
            <file>file:/F:/Software%20Engineering%20Course/4th%20semester/OOSE/attendancesystem/src/adashboard.java</file>
            <file>file:/F:/Software%20Engineering%20Course/4th%20semester/OOSE/attendancesystem/src/Dashboard.java</file>
            <file>file:/F:/Software%20Engineering%20Course/4th%20semester/OOSE/attendancesystem/src/searchstd.java</file>
            <file>file:/F:/Software%20Engineering%20Course/4th%20semester/OOSE/attendancesystem/src/sdashboard.java</file>
            <file>file:/F:/Software%20Engineering%20Course/4th%20semester/OOSE/attendancesystem/src/login.java</file>
            <file>file:/F:/Software%20Engineering%20Course/4th%20semester/OOSE/attendancesystem/src/markatddd.java</file>
        </group>
    </open-files>
</project-private>
